File Path,Line Numbers,Pattern Type,Classification,Frequency,Code Context,Current Usage,Refactoring Priority,Effort,Estimated Impact,Recommended Replacement,Notes
opteryx/compiled/joins/cross_join.pyx,48-49,numpy.empty allocation,HOT,1 per UNNEST,return numpy.empty(0 dtype=numpy.int64),Buffer initialization for empty result,1-CRITICAL,HIGH,2-5% join speedup,Use Draken IntBuffer pool,UNNEST cross-join hot path
opteryx/compiled/joins/cross_join.pyx,52-58,numpy.empty allocation,HOT,1 per UNNEST,indices_np = numpy.empty() flat_data_np = numpy.empty(),Row index and data buffer allocation,1-CRITICAL,HIGH,2-5% join speedup,Pre-allocate Draken buffers,Main UNNEST data path
opteryx/compiled/joins/cross_join.pyx,92-102,numpy.empty allocation,HOT,1 per UNNEST,"cdef numpy.int64_t[::1] lengths = numpy.empty()",Length tracking array for array columns,1-CRITICAL,HIGH,2-5% join speedup,Use native C++ int array,Complex UNNEST variant
opteryx/compiled/joins/cross_join.pyx,108-109,numpy.array allocation,HOT,1 per UNNEST empty,"return (numpy.array([] dtype=numpy.int64)",Empty result construction,1-CRITICAL,MEDIUM,2-5% join speedup,Return Draken empty buffer,Simple UNNEST result path
opteryx/compiled/joins/cross_join.pyx,113-118,numpy.empty allocation,HOT,1 per UNNEST,"cdef numpy.int64_t[::1] indices = numpy.empty()","Indices buffer for flattened array",1-CRITICAL,HIGH,2-5% join speedup,Use IntBuffer from pool,Hot inner loop buffer
opteryx/compiled/joins/cross_join.pyx,162-175,numpy.empty allocation,HOT,1 per filtered UNNEST,"indices = numpy.empty() flat_data = numpy.empty()","Filtered cross-join buffer allocation",1-CRITICAL,HIGH,2-5% join speedup,Pre-allocate with filter estimate,Filtered UNNEST variant
opteryx/compiled/joins/cross_join.pyx,191-199,numpy.resize allocation,HOT,Multiple per filtered UNNEST,"indices = numpy.resize() flat_data = numpy.resize()","Dynamic buffer reallocation during filtering",1-CRITICAL,VERY-HIGH,3-8% overall,Use buffer pool with exponential growth,Reallocation pattern - major GC pressure
opteryx/compiled/joins/cross_join.pyx,227-282,numpy.empty allocation,HOT,1 per filtered UNNEST,"numpy.ndarray indices = numpy.empty() flat_data = numpy.empty()","Multi-variant filtered UNNEST buffers",1-CRITICAL,HIGH,2-5% join speedup,Draken buffer management,Complex variant handling
opteryx/compiled/joins/inner_join.pyx,175-178,numpy.asarray allocation,HOT,1 per inner join,"numpy.asarray(row_hashes)[numpy.asarray()]","Hash table row batch insertion",1-CRITICAL,MEDIUM,2-4% join speedup,Direct C++ array slicing,Hash table hot path
opteryx/compiled/joins/inner_join.pyx,208-215,numpy.asarray allocation,HOT,1 per inner join,"cdef numpy.ndarray[numpy.uint64_t] probe_hashes = numpy.asarray()","Probe side hash array construction",1-CRITICAL,MEDIUM,2-4% join speedup,Use vector pointer directly,Join probe phase
opteryx/compiled/joins/inner_join.pyx,225-230,numpy.asarray allocation,HOT,1 per inner join result,"left_np = numpy.asarray() right_np = numpy.asarray()","Result array type casting",1-CRITICAL,MEDIUM,2-4% join speedup,Skip asarray - already typed,Join result assembly
opteryx/compiled/structures/buffers.pyx,97-100,numpy.asarray allocation,WARM,1 per extend call,"numpy.ascontiguousarray(iterable dtype=numpy.int64)","Array extension validation",2-HIGH,MEDIUM,<1% overall,Direct buffer append,Buffer management utility
opteryx/compiled/structures/buffers.pyx,115-119,numpy.empty allocation,WARM,1 per extend_numpy call,"cdef void extend_numpy() memcpy(arr.data)","NumPy-to-C++ buffer copy",2-HIGH,LOW,<1% overall,Keep as-is - efficient,FFI boundary code
opteryx/compiled/structures/buffers.pyx,124-129,numpy.empty allocation,WARM,1 per to_numpy call,"numpy.empty(n dtype=numpy.int64) memcpy()","Buffer export to NumPy array",2-HIGH,LOW,<1% overall,Keep as-is - interface layer,Buffer export interface
opteryx/compiled/structures/hash_table.pyx,56-62,numpy.empty allocation,HOT,1 per distinct operation,"cdef numpy.int64_t[::1] new_indices = numpy.empty()","Distinct value tracking indices",2-HIGH,MEDIUM,1-2% speedup,Draken buffer pool,Hot distinct path
opteryx/compiled/table_ops/null_avoidant_ops.pyx,29-39,numpy.ones allocation,HOT,1 per NULL filter,"numpy.ndarray[uint8_t] combined_nulls_np = numpy.ones()","Null bitmap initialization",2-HIGH,MEDIUM,1-2% speedup,Use bit manipulation directly,Hot null filtering
opteryx/compiled/table_ops/null_avoidant_ops.pyx,37,numpy.empty allocation,HOT,1 per NULL filter,"numpy.ndarray[int64_t] indices = numpy.empty()","Null-free row index buffer",2-HIGH,MEDIUM,1-2% speedup,Draken IntBuffer,Hot null filtering
opteryx/compiled/table_ops/hash_ops.pyx,27-44,pyarrow.types.is_* calls,HOT,~10 per chunked column,"pyarrow.types.is_string() is_binary() is_integer()","Type dispatch for hash computation",2-HIGH,LOW,Negligible,Create type wrapper enum,Already compiled efficiently
opteryx/compiled/vector_ops/vector_split.pyx,191-202,pyarrow.array allocation,HOT,1-N per split call,"pa.array([] type=pa.list_()) pa.array([None]*n)","Result array construction (empty/const)",1-CRITICAL,MEDIUM,15-25% split speedup,Use foreign_buffer pattern,String split result path
opteryx/compiled/vector_ops/vector_split.pyx,206-216,pyarrow.array allocation,HOT,1 per split (cold variant),"pa.array(result_list type=pa.list_())","Result array construction (dynamic)",1-CRITICAL,MEDIUM,15-25% split speedup,Use foreign_buffer pattern,String split fallback
opteryx/compiled/vector_ops/vector_split.pyx,255-259,pyarrow.array allocation,HOT,1 per split (iterator variant),"pa.array(results type=pa.list_())","Result array construction (segment)",1-CRITICAL,MEDIUM,15-25% split speedup,Use foreign_buffer pattern,String split iterator variant
opteryx/compiled/vector_ops/vector_split.pyx,389-417,pyarrow.foreign_buffer + Array.from_buffers,HOT,1 per split (fast path),"pa.foreign_buffer() pa.Array.from_buffers()","Zero-copy result construction",1-CRITICAL,MEDIUM-HIGH,0% (already optimal),KEEP AS-IS,Already uses zero-copy pattern; benchmark current
opteryx/compiled/vector_ops/vector_arrow_op.pyx,44-47,numpy.asarray allocation,WARM,1 per arrow_op call,"return numpy.asarray(result dtype=object)","Result array wrapping (cold path)",3-MEDIUM,LOW,Negligible,Keep as-is - cold path,Document JSON op result
opteryx/expression/__init__.py,137-140,numpy.datetime64 type check,WARM,1 per date literal,"isinstance(value numpy.datetime64) value.astype()","Literal date/timestamp conversion",3-MEDIUM,LOW,Negligible,Keep as-is - type system,Date constant handling
opteryx/expression/__init__.py,188-192,pyarrow.compute dispatch,HOT,1 per AND/OR/XOR,"LOGICAL_OPERATIONS[NodeType.AND] = pyarrow.compute.and_","Logical operator function map",2-HIGH,MEDIUM,2-5% WHERE speedup,Create bitwise inline dispatch,Core expression evaluation
opteryx/expression/__init__.py,204-209,numpy.ndarray type check,HOT,1 per evaluate_dnf,".tolist() if isinstance(result numpy.ndarray)","Result array conversion in DNF eval",2-HIGH,MEDIUM,1-3% WHERE speedup,Create unified result handler,Expression evaluation hot loop
opteryx/expression/__init__.py,302-307,numpy.ndarray type check,HOT,1 per short_cut_and,"isinstance(left_result numpy.ndarray) left_result.tolist()","Short-circuit AND result handling",2-HIGH,MEDIUM,1-3% WHERE speedup,Unified result handler,Expression evaluation hot loop
opteryx/expression/__init__.py,350-355,numpy.ndarray type check,HOT,1 per short_cut_or,"isinstance(right_result numpy.ndarray) right_result.tolist()","Short-circuit OR result handling",2-HIGH,MEDIUM,1-3% WHERE speedup,Unified result handler,Expression evaluation hot loop
opteryx/expression/__init__.py,429-445,numpy.array allocation,WARM,1 per literal constant,"return [root.value] * table.num_rows pyarrow.array()","Literal array creation for constants",2-HIGH,MEDIUM,1-2% SELECT speedup,Pre-allocate buffer pools,Constant replication
opteryx/expression/__init__.py,496-500,numpy.asarray + dtype coercion,HOT,1 per invert/not,"centre = numpy.asarray(centre) centre.astype(numpy.bool_)","Boolean type coercion for NOT",2-HIGH,MEDIUM,<1% speedup,Draken bool vector,Expression evaluation
opteryx/expression/__init__.py,543,numpy.array allocation,WARM,1 per list result,"result = numpy.array(result)","Result wrapping for list expressions",3-MEDIUM,LOW,Negligible,Keep as-is - cold path,Result formatting
opteryx/expression/__init__.py,500-504,pyarrow.compute invert,HOT,1 per NOT operation,"return pyarrow.compute.invert(centre)","Boolean inversion (NOT operator)",2-HIGH,MEDIUM,<1% speedup,Inline bitwise_not,Expression boolean ops
opteryx/expression/__init__.py,787-790,numpy.issubdtype check,WARM,1 per evaluation,"numpy.issubdtype(new_column.dtype numpy.datetime64)","Temporal type detection in results",3-MEDIUM,LOW,Negligible,Keep as-is - type inspection,Result type handling
opteryx/expression/binary_operators.py,88-89,numpy.full allocation,WARM,1 per null fill,"return numpy.full(len(array) None)","Null-filled array for missing values",2-HIGH,MEDIUM,<1% speedup,Draken constant buffer,Array access result
opteryx/expression/binary_operators.py,95-97,numpy type checking,WARM,1 per map access,"isinstance(raw_key numpy.bool_) isinstance(...numpy.integer)","Type checking for map key validation",3-MEDIUM,LOW,Negligible,Keep as-is - type system,Type validation
opteryx/expression/binary_operators.py,130-134,isinstance check,WARM,1 per get_element,"isinstance(first_element list pyarrow.ListScalar numpy.ndarray)","Element type detection",3-MEDIUM,LOW,Negligible,Keep as-is - type dispatch,Array element access
opteryx/expression/binary_operators.py,207-223,numpy ufunc dispatch,HOT,1 per binary operation,"Divide: numpy.divide Minus: numpy.subtract Plus: numpy.add","Operator function map for arithmetic",1-CRITICAL,MEDIUM-HIGH,5-15% arithmetic ops,Draken vector kernels or pc.compute,Hot operator dispatch
opteryx/expression/binary_operators.py,253-263,numpy type conversions,WARM,1 per date operation,"isinstance(arr pyarrow.ChunkedArray) isinstance(arr numpy.datetime64)","Type detection for date operations",3-MEDIUM,LOW,Negligible,Keep as-is - type system,Type coercion path
opteryx/expression/binary_operators.py,280-292,numpy.ndarray checks,WARM,1 per string concat,"isinstance(left numpy.ndarray) pyarrow.array(left)","String operation type coercion",3-MEDIUM,MEDIUM,<1% speedup,Direct Arrow conversion,StringConcat result handling
opteryx/expression/binary_operators.py,321-335,OPERATOR_FUNCTION_MAP,HOT,Once per operator type,"'Divide': numpy.divide 'Plus': numpy.add 'ShiftLeft': numpy.left_shift","Full operator function mapping table",1-CRITICAL,MEDIUM-HIGH,5-15% arithmetic ops,Vectorized Draken dispatch,Core operator implementation
opteryx/expression/casts.py,26-40,numpy.ndarray unwrap,WARM,1 per cast,"isinstance(value numpy.ndarray) value.item()","Scalar normalization from ndarray",3-MEDIUM,LOW,Negligible,Keep as-is - type system,Scalar extraction
opteryx/expression/casts.py,105-115,numpy type handling,WARM,1 per array parse,"isinstance(value numpy.ndarray) value.tolist()","Array value parsing and normalization",3-MEDIUM,LOW,Negligible,Keep as-is - type system,Array parsing utility
opteryx/expression/casts.py,240-257,numpy.array wrapping,WARM,1-3 per cast to VARCHAR,"numpy.array(result.to_pylist()) arr.view(numpy.int64)","Cast result conversion and view operations",2-HIGH,MEDIUM,10-20% cast speedup,Direct Draken to Arrow conversion,Cast function hot path
opteryx/expression/casts.py,316-335,numpy.dtype checks,WARM,1-2 per cast to DOUBLE,"arr.dtype == numpy.float64 numpy.issubdtype()","Type checking for double conversions",2-HIGH,MEDIUM,10-20% cast speedup,Draken type queries,Cast function type dispatch
opteryx/types/_null_handling.py,85-92,try/except numpy import,COLD,1 per is_null check,"import numpy as np isinstance(value np.floating) np.isnan()","Defensive NumPy import for null detection",4-LOW,LOW,Negligible,Remove try/except or use pyarrow only,Null type detection
opteryx/types/_null_handling.py,141-148,try/except numpy import,COLD,1 per is_nan check,"isinstance(value np.floating) np.isnan()","Defensive NumPy import for NaN detection",4-LOW,LOW,Negligible,Remove try/except or use pyarrow only,NaN type detection
opteryx/types/_null_handling.py,200-205,try/except numpy import,COLD,1 per is_inf check,"isinstance(value np.floating) np.isinf()","Defensive NumPy import for infinity check",4-LOW,LOW,Negligible,Remove try/except or use pyarrow only,Infinity type detection
opteryx/utils/sql.py,205-215,to_numpy conversion,COLD,1 per regex_match_any,"offsets = chunk.offsets.to_numpy()","Arrow buffer conversion to NumPy array",4-LOW,LOW,Negligible,Use Arrow buffer directly,Regex matching utility (cold)
opteryx/operators/nested_loop_join_node.pyx,73-79,pyarrow.compute null ops,HOT,1 per join,"pc.is_valid() pc.is_nan() pc.and_()","Null mask construction for join filtering",2-HIGH,MEDIUM,1-3% join speedup,Draken bitmap operations,Join null filtering
opteryx/operators/base_plan_node.py,387-388,pyarrow.compute cast,WARM,1 per join plan,"pc.cast(current target_type safe=False)","Join key type casting at plan time",3-MEDIUM,LOW,Negligible,Keep as-is - plan construction,Join plan assembly (not hot)
opteryx/expression/operations/__init__.py,107-112,pyarrow.compute cast,WARM,1-2 per operation,"pyarrow.compute.cast(right_arr pyarrow.float64())","Type promotion for decimal operations",3-MEDIUM,LOW,Negligible,Keep as-is - type system,Type coercion in operations
opteryx/expression/functions/implementations/text.py,501-507,pyarrow.compute cast,WARM,1 per regex_replace,"pyarrow.compute.cast(result pyarrow.string())","Result type casting for string operations",3-MEDIUM,LOW,Negligible,Keep as-is or use Draken cast,Text function result handling
